Time,Speed,Throttle,Steer,X,Y,Z
0.0036630630493164062,1.529558539390564,0.0,0.0,-64.64484405517578,24.471010208129883,0.47529447078704834
0.15968680381774902,3.0430288314819336,0.699999988079071,0.0,-64.64484405517578,24.471010208129883,0.11562919616699219
0.204209566116333,2.27937308895007,0.699999988079071,0.0,-64.64459991455078,24.471010208129883,-0.003503150772303343
0.24755263328552246,1.7928770106771548,0.699999988079071,0.0,-64.64452362060547,24.471010208129883,-0.034111060202121735
0.2816426753997803,0.06860352024826791,0.699999988079071,0.0,-64.64435577392578,24.47103500366211,-0.08687835186719894
0.31956982612609863,0.20245148328669985,0.699999988079071,0.0,-64.64420318603516,24.471044540405273,-0.08211661875247955
0.3600046634674072,0.28125929825488066,0.699999988079071,0.0,-64.64411926269531,24.47102928161621,-0.07235115021467209
0.39812731742858887,0.30222455306635143,0.699999988079071,0.0,-64.64411163330078,24.471012115478516,-0.06170547381043434
0.4382314682006836,0.2989271504754362,0.699999988079071,0.0,-64.64412689208984,24.471004486083984,-0.05688587203621864
0.47284388542175293,0.24021241046880243,0.699999988079071,0.0,-64.64419555664062,24.470983505249023,-0.03688957169651985
0.5110189914703369,0.20170772646704932,0.699999988079071,0.0,-64.64424133300781,24.47098159790039,-0.029126280918717384
0.5478270053863525,0.18136440777503934,0.699999988079071,0.0,-64.6442642211914,24.47098159790039,-0.02572372369468212
0.58274245262146,0.12729859728497672,0.699999988079071,0.0,-64.6443099975586,24.47098159790039,-0.017948035150766373
0.61861252784729,0.0916508466425695,0.699999988079071,0.0,-64.64433288574219,24.470977783203125,-0.013736610300838947
0.6558430194854736,0.07799491783890009,0.699999988079071,0.0,-64.64434051513672,24.47098159790039,-0.012255248613655567
0.6940624713897705,0.04284911914242163,0.699999988079071,0.0,-64.64437103271484,24.470983505249023,-0.00892509426921606
0.7334563732147217,0.02870978282355094,0.699999988079071,0.0,-64.6443862915039,24.47098731994629,-0.007886810228228569
0.7670738697052002,0.02378324113899009,0.699999988079071,0.0,-64.64439392089844,24.47098731994629,-0.007458686828613281
0.8044931888580322,0.5396163236197521,0.699999988079071,0.0,-64.63153076171875,24.471027374267578,-0.007429809309542179
0.8400168418884277,0.8674623410225007,0.699999988079071,0.0,-64.6080322265625,24.471094131469727,-0.008412590250372887
0.8751170635223389,1.1487138005026096,0.699999988079071,0.0,-64.56868743896484,24.471202850341797,-0.009579162113368511
0.9088668823242188,1.1487138005026096,0.699999988079071,0.0,-64.56868743896484,24.471202850341797,-0.009579162113368511
0.9409351348876953,1.4776359008928721,0.699999988079071,0.0,-64.47341918945312,24.47146987915039,-0.01082969643175602
0.9748075008392334,1.5907190474615687,0.699999988079071,0.0,-64.41817474365234,24.471622467041016,-0.011054839938879013
1.0127623081207275,1.5907190474615687,0.699999988079071,0.0,-64.41817474365234,24.471622467041016,-0.011054839938879013
1.0469846725463867,1.7667339545640601,0.699999988079071,0.0,-64.29877471923828,24.471960067749023,-0.010865173302590847
1.0809214115142822,1.835636959184435,0.699999988079071,0.0,-64.23344421386719,24.472164154052734,-0.010672149248421192
1.1147534847259521,1.8486618924093667,0.699999988079071,0.0,-64.200439453125,24.472257614135742,-0.010530166327953339
1.1526808738708496,1.921917788564499,0.699999988079071,0.0,-64.10955047607422,24.472503662109375,-0.0100957490503788
1.1860074996948242,1.9959814993981009,0.699999988079071,0.0,-64.04340362548828,24.47266960144043,-0.009845771826803684
1.219848871231079,2.0614753568121342,0.699999988079071,0.0,-63.97915267944336,24.472850799560547,-0.009699668735265732
1.254387617111206,2.0614753568121342,0.699999988079071,0.0,-63.97915267944336,24.472850799560547,-0.009699668735265732
1.2860498428344727,2.177734624003651,0.699999988079071,0.0,-63.8460693359375,24.473215103149414,-0.009475402534008026
1.322091817855835,2.2560015622563396,0.699999988079071,0.0,-63.74457931518555,24.47349739074707,-0.009331855922937393
1.3593473434448242,2.2560015622563396,0.699999988079071,0.0,-63.74457931518555,24.47349739074707,-0.009331855922937393
1.3983957767486572,2.3811563432950607,0.699999988079071,0.0,-63.56546401977539,24.4739933013916,-0.009149360470473766
1.4323744773864746,2.431400587384329,0.699999988079071,0.0,-63.48859405517578,24.474206924438477,-0.009091606363654137
1.4699053764343262,2.431400587384329,0.699999988079071,0.0,-63.48859405517578,24.474206924438477,-0.009091606363654137
1.505178689956665,2.5511809693663285,0.699999988079071,0.0,-63.29734802246094,24.474735260009766,-0.008974838070571423
1.5429627895355225,2.602127286239723,0.699999988079071,0.0,-63.21331787109375,24.4749698638916,-0.008946914225816727
1.5811538696289062,2.6517154839981885,0.699999988079071,0.0,-63.13028335571289,24.475202560424805,-0.008923454210162163
1.6152164936065674,2.7239106045529033,0.699999988079071,0.0,-63.00739669799805,24.475542068481445,-0.008890342898666859
1.6501967906951904,2.7751619044072138,0.699999988079071,0.0,-62.9188232421875,24.475786209106445,-0.008882408030331135
1.6863634586334229,2.7751619044072138,0.699999988079071,0.0,-62.9188232421875,24.475786209106445,-0.008882408030331135
1.7218537330627441,2.876078553913474,0.699999988079071,0.0,-62.74143981933594,24.47627830505371,-0.00887729600071907
1.7616238594055176,2.9250631581117514,0.699999988079071,0.0,-62.65398406982422,24.47652244567871,-0.008867911994457245
1.795067310333252,3.0114352462665734,0.699999988079071,0.0,-62.49766540527344,24.476957321166992,-0.008911018259823322
1.831352710723877,3.049824694729094,0.699999988079071,0.0,-62.42737579345703,24.477149963378906,-0.008903846144676208
1.8673574924468994,3.1010992796571015,0.699999988079071,0.0,-62.33272171020508,24.477413177490234,-0.008895492181181908
1.9074947834014893,3.1896062819896986,0.699999988079071,0.0,-62.167205810546875,24.477874755859375,-0.008939056657254696
1.9475483894348145,3.25486484353359,0.699999988079071,0.0,-62.04363250732422,24.478219985961914,-0.008901405148208141
1.989093542098999,3.2799951900728685,0.699999988079071,0.0,-61.995662689208984,24.478351593017578,-0.008899306878447533
2.030435562133789,3.4112134007483257,0.699999988079071,0.0,-61.741943359375,24.47905158996582,-0.008917732164263725
2.0752124786376953,3.4644603454375105,0.699999988079071,0.0,-61.63747024536133,24.479339599609375,-0.008925818838179111
2.112074613571167,3.5547092878430875,0.699999988079071,0.0,-61.45836639404297,24.47983741760254,-0.008986511267721653
2.1468634605407715,3.5996802010902345,0.699999988079071,0.0,-61.36814498901367,24.480087280273438,-0.0089693833142519
2.1798384189605713,3.6556303509358465,0.699999988079071,0.0,-61.25455093383789,24.48040199279785,-0.00898059830069542
2.213416576385498,3.730931702989626,0.699999988079071,0.0,-61.09891891479492,24.480831146240234,-0.009018401615321636
2.2469968795776367,3.791910205541498,0.699999988079071,0.0,-60.970375061035156,24.481191635131836,-0.009005279280245304
2.280346393585205,3.8474567709420464,0.699999988079071,0.0,-60.85107421875,24.481515884399414,-0.009009361267089844
2.3141796588897705,3.8474567709420464,0.699999988079071,0.0,-60.85107421875,24.481515884399414,-0.009009361267089844
2.360436201095581,3.9866937338798403,0.699999988079071,0.0,-60.54210662841797,24.482370376586914,-0.009019889868795872
2.3934552669525146,4.039131432440777,0.699999988079071,0.0,-60.42189407348633,24.482704162597656,-0.009011421352624893
2.429415464401245,4.065012355642194,0.699999988079071,0.0,-60.36175537109375,24.48287010192871,-0.009005965664982796
2.464442491531372,4.174185590785989,0.699999988079071,0.0,-60.10197448730469,24.483585357666016,-0.00901592243462801
2.4957621097564697,4.224304710462713,0.699999988079071,0.0,-59.97936248779297,24.483924865722656,-0.009001693688333035
2.5306708812713623,4.248928217355981,0.699999988079071,0.0,-59.9183464050293,24.48409652709961,-0.008992424234747887
2.5649189949035645,4.34023435179672,0.699999988079071,0.0,-59.68737030029297,24.4847354888916,-0.009030265733599663
2.5983216762542725,4.408221127728308,0.699999988079071,0.0,-59.51059341430664,24.48522186279297,-0.009009971283376217
2.63157057762146,4.436006915942244,0.699999988079071,0.0,-59.437137603759766,24.48542594909668,-0.009004783816635609
2.666621685028076,4.5240309814086315,0.699999988079071,0.0,-59.19974136352539,24.486083984375,-0.009010772220790386
2.7036595344543457,4.564221355657997,0.699999988079071,0.0,-59.08895492553711,24.486391067504883,-0.00899375881999731
2.737121343612671,4.614543550406477,0.699999988079071,0.0,-58.94810104370117,24.48678207397461,-0.008967132307589054
2.773710012435913,4.700232616062107,0.699999988079071,0.0,-58.70259475708008,24.487464904785156,-0.008977851830422878
2.8118271827697754,4.74169650335468,0.699999988079071,0.0,-58.581268310546875,24.48780059814453,-0.008938903920352459
2.8445608615875244,4.811990186419421,0.699999988079071,0.0,-58.37167739868164,24.48838233947754,-0.00890274066478014
2.879958391189575,4.8611861478266265,0.699999988079071,0.0,-58.22203063964844,24.488798141479492,-0.008892478421330452
2.9156126976013184,4.8611861478266265,0.699999988079071,0.0,-58.22203063964844,24.488798141479492,-0.008892478421330452
2.953603982925415,4.982290374805008,0.699999988079071,0.0,-57.84303283691406,24.489845275878906,-0.008880271576344967
2.990550994873047,5.008423549503336,0.699999988079071,0.0,-57.75921630859375,24.490079879760742,-0.008883857168257236
3.0236079692840576,5.087275806234028,0.699999988079071,0.0,-57.5012092590332,24.490793228149414,-0.00874732993543148
3.059072732925415,5.13832461573804,0.4000000059604645,0.30000001192092896,-57.30100631713867,24.493642807006836,-0.008675766177475452
3.0967750549316406,5.152907971966254,0.4000000059604645,0.30000001192092896,-57.218685150146484,24.496559143066406,-0.008626937866210938
3.131648302078247,5.1129991166937385,0.4000000059604645,0.30000001192092896,-56.951961517333984,24.515243530273438,-0.008246726356446743
3.1696791648864746,5.044010316790336,0.4000000059604645,0.30000001192092896,-56.76031494140625,24.537729263305664,-0.00787349697202444
3.2080183029174805,5.0270417037472255,0.4000000059604645,0.30000001192092896,-56.69179153442383,24.547487258911133,-0.007764091249555349
3.2640931606292725,4.9277457228511,0.4000000059604645,0.30000001192092896,-56.30413055419922,24.61753273010254,-0.007142028771340847
3.3091471195220947,4.8745868591242125,0.4000000059604645,0.30000001192092896,-56.11602783203125,24.659835815429688,-0.0068611144088208675
3.3425333499908447,4.8329740497167615,0.4000000059604645,0.30000001192092896,-55.97651672363281,24.6946964263916,-0.006687164306640625
3.3801565170288086,4.766482534613723,0.4000000059604645,0.30000001192092896,-55.76405334472656,24.753442764282227,-0.006455383263528347
3.4197146892547607,4.719348364809286,0.4000000059604645,0.30000001192092896,-55.619056701660156,24.797468185424805,-0.006326789502054453
3.4594013690948486,4.674844852302412,0.4000000059604645,0.30000001192092896,-55.4852180480957,24.840927124023438,-0.006209449842572212
3.493178129196167,4.595716146210196,0.4000000059604645,0.30000001192092896,-55.252357482910156,24.923234939575195,-0.00610286695882678
3.528907299041748,4.558158006771835,0.4000000059604645,0.30000001192092896,-55.14342498779297,24.96464729309082,-0.006048927083611488
3.5682895183563232,4.512655986620309,0.4000000059604645,0.30000001192092896,-55.01235580444336,25.016963958740234,-0.005985794123262167
3.6022324562072754,4.438720238347133,0.4000000059604645,0.30000001192092896,-54.800750732421875,25.10732650756836,-0.005898246541619301
3.6398000717163086,4.404582686521484,0.4000000059604645,0.30000001192092896,-54.70336151123047,25.151458740234375,-0.005888709798455238
3.6762473583221436,4.361169752417235,0.4000000059604645,0.30000001192092896,-54.579627990722656,25.20987319946289,-0.005876464769244194
3.7153491973876953,4.288603989223261,0.4000000059604645,0.30000001192092896,-54.372802734375,25.313566207885742,-0.005873794201761484
3.7492082118988037,4.257886377250063,0.4000000059604645,0.30000001192092896,-54.28517150878906,25.35986328125,-0.005882759112864733
3.786365032196045,4.21735945324759,0.4000000059604645,0.30000001192092896,-54.16941452026367,25.423234939575195,-0.005899581592530012
3.821352958679199,4.150734487549909,0.4000000059604645,0.30000001192092896,-53.97875213623047,25.53336524963379,-0.00598018616437912
3.8607842922210693,4.1017103601649625,0.4000000059604645,0.30000001192092896,-53.83805847167969,25.619264602661133,-0.0059751891531050205
3.9005074501037598,4.082517316490462,0.4000000059604645,0.30000001192092896,-53.78289794921875,25.654096603393555,-0.0059899138286709785
3.9404056072235107,4.010330659936389,0.4000000059604645,0.30000001192092896,-53.57504653930664,25.791324615478516,-0.006055488251149654
3.9815452098846436,3.96177376176235,0.4000000059604645,0.30000001192092896,-53.43484878540039,25.8893985748291,-0.0060702133923769
4.021209716796875,3.927289097287327,0.4000000059604645,0.30000001192092896,-53.33515167236328,25.96202278137207,-0.0061019896529614925
4.060534715652466,3.8941583214185616,0.4000000059604645,0.30000001192092896,-53.23926544189453,26.034196853637695,-0.00613136263564229
4.098379373550415,3.8404905552976043,0.4000000059604645,0.30000001192092896,-53.084041595458984,26.15616226196289,-0.006216354202479124
4.132099866867065,3.8136884986098476,0.4000000059604645,0.30000001192092896,-53.00673294067383,26.219343185424805,-0.006246986333280802
4.166222095489502,3.7836858742131882,0.4000000059604645,0.30000001192092896,-52.92048263549805,26.29178810119629,-0.006252288818359375
4.201043367385864,3.7683911698556933,0.4000000059604645,0.30000001192092896,-52.87666702270508,26.329425811767578,-0.006258354056626558
4.236224174499512,3.7078491678214163,0.4000000059604645,0.30000001192092896,-52.70456314086914,26.48301887512207,-0.006339759565889835
4.271209239959717,3.678992309445467,0.4000000059604645,0.30000001192092896,-52.62335968017578,26.558734893798828,-0.006337089464068413
4.306714057922363,3.6649788929136533,0.4000000059604645,0.30000001192092896,-52.58413314819336,26.596092224121094,-0.006336059421300888
4.341746091842651,3.6066963919078416,0.4000000059604645,0.30000001192092896,-52.42274475097656,26.755573272705078,-0.0063799284398555756
4.374608039855957,3.5802878573873627,0.4000000059604645,0.30000001192092896,-52.35055160522461,26.829992294311523,-0.006375579629093409
4.406092405319214,3.568855375939539,0.4000000059604645,0.30000001192092896,-52.319496154785156,26.862619400024414,-0.006368217524141073
4.441531658172607,3.5217688993791643,0.4000000059604645,0.30000001192092896,-52.19297790527344,26.999752044677734,-0.006434860173612833
4.4754602909088135,3.4883506438116325,0.4000000059604645,0.30000001192092896,-52.10451126098633,27.099666595458984,-0.006439743097871542
4.509059429168701,3.4756614384740776,0.4000000059604645,0.30000001192092896,-52.071224212646484,27.1381778717041,-0.006439628545194864
4.542938232421875,3.4506237713970225,0.4000000059604645,0.30000001192092896,-52.00605773925781,27.215089797973633,-0.006442909128963947
4.577118873596191,3.405432766283445,0.4000000059604645,0.30000001192092896,-51.89024353027344,27.357084274291992,-0.006518821697682142
4.609968423843384,3.373915788966612,0.4000000059604645,0.30000001192092896,-51.81085968017578,27.458486557006836,-0.006515884306281805
4.642761945724487,3.3597724243321228,0.4000000059604645,0.30000001192092896,-51.7756233215332,27.504650115966797,-0.006530723534524441
4.6764490604400635,3.3256300925322937,0.4000000059604645,0.30000001192092896,-51.69160079956055,27.617753982543945,-0.006568031385540962
4.713356971740723,3.3006972918513853,0.4000000059604645,0.30000001192092896,-51.63117599487305,27.701826095581055,-0.006570854224264622
4.746635913848877,3.277004515924148,0.4000000059604645,0.30000001192092896,-51.574501037597656,27.782901763916016,-0.006566695868968964
4.7816736698150635,3.2435145626754194,0.4000000059604645,0.30000001192092896,-51.49570846557617,27.899486541748047,-0.00660301186144352
4.814889430999756,3.2189327836453434,0.4000000059604645,0.30000001192092896,-51.43883514404297,27.986515045166016,-0.00657451618462801
4.847275495529175,3.196152690324501,0.4000000059604645,0.30000001192092896,-51.38691711425781,28.068315505981445,-0.006582679692655802
4.881411552429199,3.164397698654084,0.4000000059604645,0.30000001192092896,-51.315853118896484,28.18418312072754,-0.006633338984102011
4.91858983039856,3.1399984202450972,0.4000000059604645,0.30000001192092896,-51.26228713989258,28.274662017822266,-0.0066509246826171875
4.951735734939575,3.118102226964334,0.4000000059604645,0.30000001192092896,-51.214988708496094,28.356956481933594,-0.006647605914622545
4.986710071563721,3.118102226964334,0.4000000059604645,0.30000001192092896,-51.214988708496094,28.356956481933594,-0.006647605914622545
5.019905090332031,3.0753730886587474,0.4000000059604645,0.30000001192092896,-51.124935150146484,28.520544052124023,-0.006666335742920637
5.054047346115112,3.0536968887357823,0.4000000059604645,0.30000001192092896,-51.08041000366211,28.605060577392578,-0.006675758399069309
5.08833909034729,3.0243783815124528,0.4000000059604645,0.30000001192092896,-51.02149963378906,28.721052169799805,-0.006726722698658705
5.120438814163208,3.0028989359534797,0.4000000059604645,0.30000001192092896,-50.97929763793945,28.80723762512207,-0.006728630047291517
5.1543262004852295,2.9823583985333015,0.4000000059604645,0.30000001192092896,-50.93971633911133,28.890642166137695,-0.006725196726620197
5.1872878074646,2.9823583985333015,0.4000000059604645,0.30000001192092896,-50.93971633911133,28.890642166137695,-0.006725196726620197
5.222975015640259,2.933957844378427,0.4000000059604645,0.30000001192092896,-50.84958267211914,29.09099006652832,-0.006730766035616398
5.256103038787842,2.9145705694367825,0.4000000059604645,0.30000001192092896,-50.81475830078125,29.172765731811523,-0.006735267583280802
5.291440963745117,2.9145705694367825,0.4000000059604645,0.30000001192092896,-50.81475830078125,29.172765731811523,-0.006735267583280802
5.326570510864258,2.8690188492667077,0.4000000059604645,0.30000001192092896,-50.73595428466797,29.368408203125,-0.006772041320800781
5.359973907470703,2.8593220385557183,0.4000000059604645,0.30000001192092896,-50.71974182128906,29.41069221496582,-0.006776351947337389
5.392184495925903,2.833105436009436,0.4000000059604645,0.30000001192092896,-50.67692947387695,29.52616310119629,-0.006819763220846653
5.426183700561523,2.8147007825844246,0.4000000059604645,0.30000001192092896,-50.64776611328125,29.60822105407715,-0.006817817687988281
5.463305711746216,2.7983172965395955,0.4000000059604645,0.30000001192092896,-50.62242889404297,29.68197250366211,-0.006801071111112833
5.49922513961792,2.768561835638872,0.4000000059604645,0.30000001192092896,-50.57806396484375,29.817638397216797,-0.006845512427389622
5.534886598587036,2.7469821663689644,0.4000000059604645,0.30000001192092896,-50.54716110229492,29.917415618896484,-0.006817931775003672
5.569318771362305,2.7306230630433905,0.4000000059604645,0.30000001192092896,-50.52450942993164,29.99384117126465,-0.0068186186254024506
5.603932619094849,2.721073193554624,0.4000000059604645,0.30000001192092896,-50.51161193847656,30.03878402709961,-0.006836738437414169
5.6379289627075195,2.693020380787262,0.4000000059604645,0.30000001192092896,-50.475067138671875,30.172157287597656,-0.006881942506879568
5.6714067459106445,2.680335523262859,0.4000000059604645,0.30000001192092896,-50.45920944213867,30.233139038085938,-0.00688186613842845
5.705641031265259,2.6640029826256155,0.4000000059604645,0.30000001192092896,-50.439422607421875,30.31229591369629,-0.006878509186208248
5.7376134395599365,2.641139913611223,0.4000000059604645,0.30000001192092896,-50.41295623779297,30.424318313598633,-0.006918143946677446
5.773184299468994,2.6243806784597514,0.4000000059604645,0.30000001192092896,-50.39449691772461,30.507326126098633,-0.006918563507497311
5.808517932891846,2.6085954072834205,0.4000000059604645,0.30000001192092896,-50.37783432006836,30.58622169494629,-0.006920089479535818
5.8426737785339355,2.5875968124886706,0.4000000059604645,0.30000001192092896,-50.35682678222656,30.692256927490234,-0.006952628958970308
5.878359794616699,2.571427141387312,0.4000000059604645,0.30000001192092896,-50.341552734375,30.774742126464844,-0.00695114117115736
5.911245346069336,2.55625441546486,0.4000000059604645,0.30000001192092896,-50.32795715332031,30.852827072143555,-0.006944770459085703
5.943811893463135,2.55625441546486,0.4000000059604645,0.30000001192092896,-50.32795715332031,30.852827072143555,-0.006944770459085703
5.979206085205078,2.520511421407631,0.4000000059604645,0.30000001192092896,-50.29880142211914,31.039581298828125,-0.006934623699635267
6.014686346054077,2.5128069026769144,0.4000000059604645,0.30000001192092896,-50.29304885864258,31.08052635192871,-0.006941985804587603
6.048159599304199,2.489704279312543,0.4000000059604645,0.30000001192092896,-50.27691650390625,31.20528221130371,-0.006972961127758026
6.081117153167725,2.478549635364237,0.4000000059604645,0.30000001192092896,-50.26971435546875,31.266719818115234,-0.006949462927877903
6.1196980476379395,2.45925764509602,0.4000000059604645,0.30000001192092896,-50.258270263671875,31.37508201599121,-0.00695255259051919
6.153151512145996,2.4524665684229863,0.4000000059604645,0.30000001192092896,-50.254554748535156,31.41390609741211,-0.006961097475141287
6.18806004524231,2.4315083793448347,0.4000000059604645,0.30000001192092896,-50.24416732788086,31.53611946105957,-0.007007827516645193
6.2222676277160645,2.421589630042714,0.4000000059604645,0.30000001192092896,-50.2398567199707,31.595294952392578,-0.007016791962087154
6.256414890289307,2.409293881344541,0.4000000059604645,0.30000001192092896,-50.23507308959961,31.669925689697266,-0.0070200348272919655
6.289650201797485,2.3902478178298336,0.4000000059604645,0.30000001192092896,-50.22898864746094,31.788448333740234,-0.007046394050121307
6.324423789978027,2.381209379842207,0.4000000059604645,0.30000001192092896,-50.22670364379883,31.846073150634766,-0.007052650209516287
6.3593363761901855,2.36951523057507,0.4000000059604645,0.30000001192092896,-50.2243537902832,31.921926498413086,-0.007058372255414724
6.392953395843506,2.354493792166334,0.4000000059604645,0.30000001192092896,-50.22243881225586,32.02090072631836,-0.007088355720043182
6.425940036773682,2.343250294166988,0.4000000059604645,0.30000001192092896,-50.22183609008789,32.095726013183594,-0.0070881652645766735
6.4592413902282715,2.3326913456161624,0.4000000059604645,0.30000001192092896,-50.22195053100586,32.168861389160156,-0.007083931006491184
6.493095636367798,2.32860204907821,0.4000000059604645,0.30000001192092896,-50.22219467163086,32.19886779785156,-0.0070710754953324795
6.5285964012146,2.30838202552918,0.4000000059604645,0.30000001192092896,-50.22500228881836,32.3412971496582,-0.007087402045726776
6.562265157699585,2.30377053842213,0.4000000059604645,0.30000001192092896,-50.22608947753906,32.3759765625,-0.007086066994816065
6.597318887710571,2.288561684293594,0.4000000059604645,0.30000001192092896,-50.23086166381836,32.491294860839844,-0.007124557159841061
6.631682634353638,2.2816182513964405,0.4000000059604645,0.30000001192092896,-50.233856201171875,32.54795837402344,-0.007133979815989733
6.668243885040283,2.2729046272477444,0.4000000059604645,0.30000001192092896,-50.238037109375,32.616600036621094,-0.007130355574190617
6.703678369522095,2.2540816212198154,0.4000000059604645,0.30000001192092896,-50.246307373046875,32.73060607910156,-0.007154159247875214
6.739011764526367,2.2451519736097736,0.4000000059604645,0.30000001192092896,-50.25099182128906,32.786842346191406,-0.0071539306081831455
6.774714231491089,2.2382616296906903,0.4000000059604645,0.30000001192092896,-50.25735092163086,32.85576248168945,-0.0071473694406449795
6.808543920516968,2.2236107473892224,0.4000000059604645,0.30000001192092896,-50.26865768432617,32.96410369873047,-0.007164687849581242
6.841709852218628,2.2171636278451543,0.4000000059604645,0.30000001192092896,-50.2752685546875,33.02125930786133,-0.007174034137278795
6.878035068511963,2.211510917759021,0.4000000059604645,0.30000001192092896,-50.28326416015625,33.08613967895508,-0.007160682696849108
6.9147865772247314,2.196046527082461,0.4000000059604645,0.30000001192092896,-50.29819107055664,33.19656753540039,-0.0071868132799863815
6.953074932098389,2.192293567048579,0.4000000059604645,0.30000001192092896,-50.30584716796875,33.2490234375,-0.007158889435231686
6.993294954299927,2.1851358963094123,0.4000000059604645,0.30000001192092896,-50.32105255126953,33.346065521240234,-0.0071672056801617146
7.028878211975098,2.179974458053629,0.4000000059604645,0.30000001192092896,-50.33143615722656,33.40800094604492,-0.007172431796789169
7.064986944198608,2.182610565758836,0.699999988079071,0.0,-50.34592819213867,33.51734924316406,-0.007314605638384819
7.101243495941162,2.196600106204973,0.699999988079071,0.0,-50.34955978393555,33.57147216796875,-0.007381248287856579
7.1351318359375,2.2290100489090756,0.699999988079071,0.0,-50.35247039794922,33.637264251708984,-0.007512702606618404
7.169702768325806,2.29765172586028,0.699999988079071,0.0,-50.35651397705078,33.75392150878906,-0.007824859581887722
7.209139347076416,2.3530257651693036,0.699999988079071,0.0,-50.359188079833984,33.84339141845703,-0.00801158882677555
7.245713710784912,2.398748419942297,0.699999988079071,0.0,-50.36124038696289,33.916996002197266,-0.008152694441378117
7.280077934265137,2.423679086215328,0.699999988079071,0.0,-50.36231994628906,33.95724105834961,-0.008228263817727566
7.316169023513794,2.5136816804797166,0.699999988079071,0.0,-50.366092681884766,34.10367202758789,-0.008460044860839844
7.351311206817627,2.561707725096557,0.699999988079071,0.0,-50.36806869506836,34.18273162841797,-0.008533477783203125
7.385890960693359,2.58549207688169,0.699999988079071,0.0,-50.36904525756836,34.22216796875,-0.008563957177102566
7.421799659729004,2.6775502266080107,0.699999988079071,0.0,-50.37285614013672,34.37674331665039,-0.008697204291820526
7.458484172821045,2.727848588310402,0.699999988079071,0.0,-50.37496566772461,34.46249008178711,-0.008731155656278133
7.493282794952393,2.7495543135957243,0.699999988079071,0.0,-50.375877380371094,34.49977111816406,-0.008733329363167286
7.528343439102173,2.848012277631967,0.699999988079071,0.0,-50.38010025024414,34.671234130859375,-0.008815803565084934
7.565067291259766,2.8974089201616398,0.699999988079071,0.0,-50.382259368896484,34.75859069824219,-0.008821296505630016
7.597912073135376,2.917397466535779,0.699999988079071,0.0,-50.38313674926758,34.79417037963867,-0.008811683394014835
7.6336846351623535,3.0176575600359077,0.699999988079071,0.0,-50.38761520385742,34.975032806396484,-0.008872718550264835
7.673293113708496,3.090622492465287,0.699999988079071,0.0,-50.39093017578125,35.108848571777344,-0.008868598379194736
7.709029912948608,3.090622492465287,0.699999988079071,0.0,-50.39093017578125,35.108848571777344,-0.008868598379194736
7.744656324386597,3.19336097271146,0.699999988079071,0.0,-50.39568328857422,35.300411224365234,-0.00888465903699398
7.781258821487427,3.245483910995173,0.699999988079071,0.0,-50.39813995361328,35.39896011352539,-0.008891677483916283
7.817600250244141,3.3329220007652887,0.699999988079071,0.0,-50.40229797363281,35.56631851196289,-0.008942794986069202
7.853561162948608,3.3741579954578684,0.699999988079071,0.0,-50.40428924560547,35.64609146118164,-0.008945159614086151
7.88974928855896,3.427776079296467,0.699999988079071,0.0,-50.40689468383789,35.750606536865234,-0.008944968692958355
7.925137042999268,3.517298226528828,0.699999988079071,0.0,-50.41128158569336,35.92713165283203,-0.008987197652459145
7.960596323013306,3.587496349637561,0.699999988079071,0.0,-50.41477584838867,36.06730651855469,-0.008986243978142738
7.997217893600464,3.6170189152161005,0.699999988079071,0.0,-50.416259765625,36.126861572265625,-0.00899177510291338
8.03328013420105,3.707417844824661,0.699999988079071,0.0,-50.42087173461914,36.312015533447266,-0.009024543687701225
8.078336715698242,3.7752721040572372,0.699999988079071,0.0,-50.42441940307617,36.454097747802734,-0.0089874267578125
8.121319055557251,3.8758018913252004,0.699999988079071,0.0,-50.429813385009766,36.67039489746094,-0.009014167822897434
8.159093141555786,3.9340168107941462,0.699999988079071,0.0,-50.43301773071289,36.79898452758789,-0.00902305543422699
8.194561243057251,3.957604585060308,0.699999988079071,0.0,-50.43433380126953,36.85179138183594,-0.009010657668113708
8.229704856872559,4.0641005011052895,0.699999988079071,0.0,-50.44042205810547,37.095787048339844,-0.009046096354722977
8.263233184814453,4.113956876445607,0.699999988079071,0.0,-50.4433479309082,37.21308135986328,-0.00901946984231472
8.296149253845215,4.13808372861028,0.699999988079071,0.0,-50.44478225708008,37.27058410644531,-0.00900703389197588
8.331212520599365,4.228164303837929,0.699999988079071,0.0,-50.45024871826172,37.48970031738281,-0.00903064664453268
8.364802598953247,4.294501518016787,0.699999988079071,0.0,-50.45438003540039,37.655487060546875,-0.009008025750517845
8.400702476501465,4.320703709449132,0.699999988079071,0.0,-50.45603942871094,37.7220344543457,-0.008999709971249104
8.434248447418213,4.404516734786445,0.699999988079071,0.0,-50.461448669433594,37.93901824951172,-0.00900470744818449
8.467620611190796,4.469769837452512,0.699999988079071,0.0,-50.46576690673828,38.11234664916992,-0.008984374813735485
8.499269247055054,4.495630432869016,0.699999988079071,0.0,-50.46750259399414,38.182125091552734,-0.00897575356066227
8.53493070602417,4.580026800633403,0.699999988079071,0.0,-50.473289489746094,38.41420364379883,-0.00898056011646986
8.567511558532715,4.6188386220500695,0.699999988079071,0.0,-50.47600555419922,38.5231819152832,-0.008966293185949326
8.601783275604248,4.6678574248100135,0.699999988079071,0.0,-50.4794921875,38.66287612915039,-0.008946380577981472
8.63533639907837,4.735120580667284,0.699999988079071,0.0,-50.48436737060547,38.858402252197266,-0.008954925462603569
8.669410943984985,4.7881908587353745,0.699999988079071,0.0,-50.48828887939453,39.01575469970703,-0.008914412930607796
8.702581644058228,4.80819092377299,0.699999988079071,0.0,-50.489784240722656,39.07577896118164,-0.008897781372070312
8.734936952590942,4.893270702781774,0.699999988079071,0.0,-50.49626922607422,39.33580780029297,-0.008932113647460938
8.76882553100586,4.9542786280242535,0.699999988079071,0.0,-50.50102996826172,39.526798248291016,-0.008906402625143528
8.803035020828247,4.979154298955452,0.699999988079071,0.0,-50.50299835205078,39.605796813964844,-0.008899841457605362
8.83517050743103,5.023895425328772,0.699999988079071,0.0,-50.50657653808594,39.749427795410156,-0.008835257962346077
8.878639221191406,5.129193006599574,0.699999988079071,0.0,-50.51512908935547,40.092586517333984,-0.008700789883732796
8.913558721542358,5.17402431235948,0.699999988079071,0.0,-50.51980972290039,40.28013229370117,-0.008665123023092747
8.948793649673462,5.18853754232689,0.699999988079071,0.0,-50.521751403808594,40.35810089111328,-0.008654823526740074
8.983866214752197,5.25737036152289,0.699999988079071,0.0,-50.52827453613281,40.61954116821289,-0.008645095862448215
9.016672611236572,5.352361523883099,0.699999988079071,0.0,-50.533203125,40.816951751708984,-0.008661765605211258
9.048659324645996,5.381311184060849,0.699999988079071,0.0,-50.53532028198242,40.90208053588867,-0.008664016611874104
9.083372831344604,5.449591460162968,0.699999988079071,0.0,-50.54193878173828,41.1672248840332,-0.00865528080612421
9.118537425994873,5.4359927620614865,0.699999988079071,0.0,-50.54527282714844,41.302913665771484,-0.008633422665297985
9.151589393615723,5.460458261009533,0.699999988079071,0.0,-50.54942321777344,41.46998596191406,-0.008593940176069736
9.185937643051147,5.520673097576612,0.699999988079071,0.0,-50.55538558959961,41.70345687866211,-0.00849384255707264
9.220393419265747,5.520487363700016,0.699999988079071,0.0,-50.559715270996094,41.87831497192383,-0.008359336294233799
9.25266432762146,5.560551812692871,0.699999988079071,0.0,-50.56391143798828,42.04719161987305,-0.00829261727631092
9.28724455833435,5.55044098547309,0.699999988079071,0.0,-50.56956100463867,42.280235290527344,-0.008240432478487492
9.320578575134277,5.645557617078258,0.699999988079071,0.0,-50.57418441772461,42.462059020996094,-0.008259887807071209
9.354220390319824,5.715775916628869,0.699999988079071,0.0,-50.57844161987305,42.63240051269531,-0.008348807692527771
9.388189554214478,5.749421272152237,0.699999988079071,0.0,-50.58453369140625,42.87771987915039,-0.00847980473190546
9.422579765319824,5.807197421791242,0.699999988079071,0.0,-50.58917999267578,43.06542205810547,-0.0085504911839962
9.456614017486572,5.821176183633224,0.699999988079071,0.0,-50.5915412902832,43.159759521484375,-0.008568229153752327
9.490117073059082,5.872360280232294,0.699999988079071,0.0,-50.59873962402344,43.44476318359375,-0.008581123314797878
9.52360486984253,5.932927673834842,0.699999988079071,0.0,-50.60254669189453,43.59239196777344,-0.008569602854549885
9.557125806808472,5.949811078218803,0.699999988079071,0.0,-50.60707092285156,43.772830963134766,-0.008511314168572426
9.590436220169067,5.8895008957202775,0.699999988079071,0.0,-50.61325454711914,44.0252685546875,-0.00830001849681139
9.62736439704895,5.933231529273933,0.699999988079071,0.0,-50.61815643310547,44.217552185058594,-0.008172912523150444
9.66284465789795,6.2049549238306225,0.699999988079071,0.0,-50.62489318847656,44.48594665527344,-0.008390845730900764
9.696970462799072,6.2049549238306225,0.699999988079071,0.0,-50.62489318847656,44.48594665527344,-0.008390845730900764
9.730547428131104,6.627489045624362,0.699999988079071,0.0,-50.634490966796875,44.868656158447266,-0.009615974500775337
9.763844966888428,6.812937513940217,0.699999988079071,0.0,-50.63970184326172,45.07624435424805,-0.010213012807071209
9.797479629516602,7.007832715926717,0.699999988079071,0.0,-50.6470832824707,45.37057113647461,-0.010793265886604786
9.832690715789795,7.168871431467527,0.699999988079071,0.0,-50.65299606323242,45.60574722290039,-0.011052246205508709
9.867000102996826,7.22186065114753,0.699999988079071,0.0,-50.65544509887695,45.7031135559082,-0.01110996212810278
9.90133285522461,7.424114037343568,0.699999988079071,0.0,-50.666664123535156,46.14973831176758,-0.011105765588581562
9.936781883239746,7.516594499721127,0.699999988079071,0.0,-50.67232131958008,46.37503433227539,-0.010998458601534367
9.970448970794678,7.56051036061102,0.699999988079071,0.0,-50.67533493041992,46.49489974975586,-0.010921172797679901
10.00647783279419,7.713039305129808,0.699999988079071,0.0,-50.686317443847656,46.932186126708984,-0.010583114810287952
10.04317307472229,7.777997937393191,0.699999988079071,0.0,-50.692142486572266,47.16403579711914,-0.01039047259837389
10.075577020645142,7.807917489302404,0.699999988079071,0.0,-50.6949462890625,47.27566146850586,-0.010298728942871094
10.110706806182861,7.922960784585291,0.699999988079071,0.0,-50.70671463012695,47.744022369384766,-0.009927482344210148
10.144591093063354,7.981777683588839,0.699999988079071,0.0,-50.71283721923828,47.98773193359375,-0.009762649424374104
10.17601490020752,7.981777683588839,0.699999988079071,0.0,-50.71283721923828,47.98773193359375,-0.009762649424374104
10.211637258529663,8.091386154198158,0.699999988079071,0.0,-50.72515869140625,48.47833251953125,-0.009478911757469177
10.248028993606567,8.138850258783165,0.699999988079071,0.0,-50.73085021972656,48.70474624633789,-0.009371490217745304
10.28113579750061,8.21911012111097,0.699999988079071,0.0,-50.740867614746094,49.10363006591797,-0.009209632873535156
10.318705558776855,8.28007299193857,0.699999988079071,0.0,-50.74876022338867,49.41779327392578,-0.009108428843319416
10.351446628570557,8.30802067344988,0.699999988079071,0.0,-50.75245666503906,49.5648193359375,-0.009066734462976456
10.385448217391968,8.384321588994828,0.699999988079071,0.0,-50.76277160644531,49.97524642944336,-0.008970527909696102
10.423770427703857,8.44352535305949,0.699999988079071,0.0,-50.77098083496094,50.30195236206055,-0.008911209180951118
10.458151817321777,8.468032998013626,0.699999988079071,0.0,-50.77442932128906,50.43906784057617,-0.008889693766832352
10.491281509399414,8.543358942366101,0.699999988079071,0.0,-50.78518295288086,50.867210388183594,-0.008833426982164383
10.523618936538696,8.577523681030417,0.699999988079071,0.0,-50.79014205932617,51.06455612182617,-0.008812866173684597
10.560696601867676,8.623451883912145,0.699999988079071,0.0,-50.79688262939453,51.332786560058594,-0.008788413368165493
10.599912166595459,8.709520501343402,0.699999988079071,0.0,-50.80972671508789,51.84417724609375,-0.008751106448471546
10.633862257003784,8.749688592167695,0.699999988079071,0.0,-50.815818786621094,52.08660125732422,-0.008737334981560707
10.67431092262268,8.770205743280615,0.699999988079071,0.0,-50.81895446777344,52.21131896972656,-0.008730888366699219
10.70778489112854,8.854951188127037,0.699999988079071,0.0,-50.832054138183594,52.73281478881836,-0.008707885630428791
10.745323181152344,8.89619916914126,0.699999988079071,0.0,-50.838523864746094,52.990272521972656,-0.008698387071490288
10.778770208358765,8.966494751687945,0.699999988079071,0.0,-50.84968185424805,53.43450164794922,-0.008684196509420872
10.813761711120605,9.001040099694038,0.699999988079071,0.0,-50.855228424072266,53.655330657958984,-0.008677978068590164
10.849253416061401,9.040675861931348,0.699999988079071,0.0,-50.86164474487305,53.91069030761719,-0.008671416901051998
10.8832688331604,9.108617983695883,0.699999988079071,0.0,-50.87276840209961,54.35350036621094,-0.008660964667797089
10.916050910949707,9.140648657613363,0.699999988079071,0.0,-50.87807083129883,54.564476013183594,-0.008656387217342854
10.95104694366455,9.183376252786589,0.699999988079071,0.0,-50.88519287109375,54.848114013671875,-0.008650779724121094
10.984421491622925,9.249705189675376,0.699999988079071,0.0,-50.896385192871094,55.29349136352539,-0.008642158471047878
11.019650220870972,9.283190673199856,0.699999988079071,0.0,-50.90209197998047,55.52068328857422,-0.00863800011575222
11.053810596466064,9.3275467068495,0.699999988079071,0.0,-50.90971755981445,55.824066162109375,-0.008632659912109375
11.08844256401062,9.383933321447348,0.699999988079071,0.0,-50.91950607299805,56.21377944946289,-0.00862606056034565
11.122250080108643,9.427153173206404,0.699999988079071,0.0,-50.92708969116211,56.51557922363281,-0.008621139451861382
11.1554114818573,9.46676222713903,0.699999988079071,0.0,-50.93410110473633,56.79452133178711,-0.008616714738309383
11.18955659866333,9.522842623220486,0.699999988079071,0.0,-50.94412612915039,57.19337463378906,-0.008610419929027557
11.222445964813232,9.563875965710194,0.699999988079071,0.0,-50.9515266418457,57.48814010620117,-0.00860591884702444
11.256356716156006,9.580094502583366,0.699999988079071,0.0,-50.954471588134766,57.60531234741211,-0.008604202419519424
11.291805505752563,9.660078655883007,0.699999988079071,0.0,-50.96913528442383,58.18901062011719,-0.008595466613769531
11.325916051864624,9.699514090677308,0.699999988079071,0.0,-50.97645568847656,58.4803352355957,-0.008591308258473873
11.35828423500061,9.73761681765514,0.699999988079071,0.0,-50.98358154296875,58.76404571533203,-0.008587264455854893
11.392585277557373,9.7784755850132,0.699999988079071,0.0,-50.99128723144531,59.07074737548828,-0.00858306884765625
11.42518663406372,9.816989463716013,0.699999988079071,0.0,-50.99860763549805,59.36219024658203,-0.008578948676586151
11.459514617919922,9.879905080580883,0.699999988079071,0.0,-51.01069641113281,59.84330368041992,-0.008572234772145748
11.493930101394653,9.910572521514974,0.699999988079071,0.0,-51.01664352416992,60.08011245727539,-0.008568916469812393
11.527124166488647,9.947572452263877,0.699999988079071,0.0,-51.02387237548828,60.367942810058594,-0.008565063588321209
11.561343431472778,10.00960565112717,0.699999988079071,0.0,-51.036136627197266,60.85613250732422,-0.00855815876275301
11.597866773605347,10.041033414260756,0.699999988079071,0.0,-51.04242706298828,61.10627746582031,-0.008554458618164062
11.635348320007324,10.076563270199257,0.699999988079071,0.0,-51.04958724975586,61.39143753051758,-0.008550262078642845
11.671059846878052,10.147747940619091,0.699999988079071,0.0,-51.06414794921875,61.9707145690918,-0.008541107177734375
11.703171491622925,10.182942945398628,0.699999988079071,0.0,-51.071449279785156,62.261165618896484,-0.008536338806152344
11.738707304000854,10.203941848773008,0.699999988079071,0.0,-51.07583236694336,62.4357795715332,-0.008533325046300888
11.771995782852173,10.263011995344968,0.699999988079071,0.0,-51.088314056396484,62.93239212036133,-0.008524474687874317
11.80664348602295,10.310490394582605,0.699999988079071,0.0,-51.09849166870117,63.33749008178711,-0.008517112582921982
11.84402346611023,10.326201413409073,0.699999988079071,0.0,-51.10188674926758,63.47272491455078,-0.008514671586453915
11.880296468734741,10.398761729380427,0.699999988079071,0.0,-51.11777877807617,64.10514068603516,-0.008502463810145855
11.918006658554077,10.430878266791986,0.699999988079071,0.0,-51.124916076660156,64.38931274414062,-0.008497161790728569
11.954442977905273,10.482545574205053,0.699999988079071,0.0,-51.13654327392578,64.85195922851562,-0.00848819687962532
11.991515636444092,10.500649164955643,0.699999988079071,0.0,-51.14065170288086,65.01570892333984,-0.008484916761517525
12.030664443969727,10.568523559029432,0.699999988079071,0.0,-51.15627670288086,65.63748931884766,-0.008472785353660583
12.066741466522217,10.602746462457075,0.699999988079071,0.0,-51.16427230834961,65.95571899414062,-0.00846656784415245
12.103393316268921,10.657103010856748,0.699999988079071,0.0,-51.17714309692383,66.46790313720703,-0.008456421084702015
12.138336658477783,10.685218572184086,0.699999988079071,0.0,-51.18387985229492,66.73609924316406,-0.008451118133962154
12.172387599945068,10.71959984264622,0.699999988079071,0.0,-51.19219970703125,67.06715393066406,-0.008444747887551785
12.204065322875977,10.765921070806662,0.699999988079071,0.0,-51.20354461669922,67.5186538696289,-0.008435973897576332
12.23933482170105,10.801417533224361,0.699999988079071,0.0,-51.21234893798828,67.86898040771484,-0.008429298177361488
12.276790142059326,10.833221154551483,0.699999988079071,0.0,-51.22031021118164,68.1860580444336,-0.008423308841884136
12.318489074707031,10.885450347748257,0.699999988079071,0.0,-51.23356628417969,68.71356964111328,-0.008413238450884819
12.356333494186401,10.92760174643045,0.699999988079071,0.0,-51.24441909790039,69.14552307128906,-0.008405265398323536
12.393117904663086,10.972163840863317,0.699999988079071,0.0,-51.25605010986328,69.60832214355469,-0.008396605961024761
12.432892799377441,11.006450670464494,0.699999988079071,0.0,-51.26511001586914,69.96883392333984,-0.008390197530388832
12.465495347976685,11.019810142367142,0.699999988079071,0.0,-51.2686653137207,70.11035919189453,-0.008387680165469646
12.500885725021362,11.081317709836746,0.699999988079071,0.0,-51.28521728515625,70.7696304321289,-0.008375930599868298
12.537928104400635,11.11244591534291,0.699999988079071,0.0,-51.293724060058594,71.10818481445312,-0.008369864895939827
12.572135925292969,11.12677938935593,0.699999988079071,0.0,-51.29766845703125,71.26522064208984,-0.008367156609892845
12.606889009475708,11.189020546392635,0.699999988079071,0.0,-51.31501388549805,71.95549774169922,-0.008355026133358479
12.642719984054565,11.219564925800201,0.699999988079071,0.0,-51.32365036010742,72.29931640625,-0.008349189534783363
12.677424192428589,11.233037918757978,0.699999988079071,0.0,-51.32748794555664,72.45207214355469,-0.008346710354089737
12.712204456329346,11.29202507842421,0.699999988079071,0.0,-51.34449005126953,73.12872314453125,-0.008335189893841743
12.750683784484863,11.321832992424932,0.699999988079071,0.0,-51.353206634521484,73.47567749023438,-0.008329506032168865
12.7832932472229,11.360943121771498,0.699999988079071,0.0,-51.364768981933594,73.93598175048828,-0.008321876637637615
12.82101058959961,11.392184862555002,0.699999988079071,0.0,-51.37411880493164,74.30802917480469,-0.00831600185483694
12.855182886123657,11.404404332336453,0.699999988079071,0.0,-51.37779998779297,74.45458221435547,-0.008313941769301891
12.890941619873047,11.462518583408027,0.699999988079071,0.0,-51.39552307128906,75.1597671508789,-0.008302383124828339
12.927857637405396,11.48890363017637,0.699999988079071,0.0,-51.4036750793457,75.4845199584961,-0.008297385647892952
12.960811376571655,11.501798513533785,0.699999988079071,0.0,-51.40768814086914,75.64427947998047,-0.008295021019876003
12.996490240097046,11.555156257142189,0.699999988079071,0.0,-51.42448425292969,76.3127670288086,-0.008284606970846653
13.033378601074219,11.582611667102794,0.699999988079071,0.0,-51.433250427246094,76.66151428222656,-0.008279380388557911
13.066488981246948,11.620886113583193,0.699999988079071,0.0,-51.44561004638672,77.15316009521484,-0.008271865546703339
13.09925889968872,11.648613395914635,0.699999988079071,0.0,-51.45465850830078,77.51339721679688,-0.008266563527286053
13.134477853775024,11.673159171689887,0.699999988079071,0.0,-51.46274185180664,77.83516693115234,-0.0082619097083807
13.168617725372314,11.717063970385063,0.699999988079071,0.0,-51.47738265991211,78.41764831542969,-0.008253250271081924
13.202230453491211,11.737708947646135,0.699999988079071,0.0,-51.48434066772461,78.69463348388672,-0.008249321021139622
13.23702597618103,11.765059418409637,0.699999988079071,0.0,-51.49363708496094,79.06468963623047,-0.00824405625462532
13.270981073379517,11.800813458583876,0.699999988079071,0.0,-51.50592803955078,79.55391693115234,-0.008237037807703018
13.306034803390503,11.826939028333745,0.699999988079071,0.0,-51.51500701904297,79.91536712646484,-0.00823211669921875
13.340656757354736,11.85196371047302,0.699999988079071,0.0,-51.52378845214844,80.26473236083984,-0.00822731014341116
13.375228881835938,11.892283477875479,0.699999988079071,0.0,-51.53810119628906,80.83424377441406,-0.008219489827752113
13.413967370986938,11.924300800821937,0.699999988079071,0.0,-51.549617767333984,81.29246520996094,-0.008213347755372524
13.450724124908447,11.936902815136719,0.699999988079071,0.0,-51.5541877746582,81.4742660522461,-0.008210906758904457
13.487999439239502,11.982143190002738,0.699999988079071,0.0,-51.57076644897461,82.1339111328125,-0.008202170953154564
13.522501230239868,12.006683253771786,0.699999988079071,0.0,-51.579872131347656,82.49637603759766,-0.008197478950023651
13.557684183120728,12.017347744984901,0.699999988079071,0.0,-51.58385467529297,82.65492248535156,-0.00819549523293972
13.59396481513977,12.063526835167217,0.699999988079071,0.0,-51.60128402709961,83.34870147705078,-0.008186607621610165
13.634093046188354,12.08840651396822,0.699999988079071,0.0,-51.61079788208008,83.7274398803711,-0.008181991055607796
13.667989015579224,12.125472258549777,0.699999988079071,0.0,-51.625144958496094,84.29839324951172,-0.008174743503332138
13.70373249053955,12.155747610736416,0.699999988079071,0.0,-51.63700866699219,84.77069854736328,-0.008168868720531464
13.738592147827148,12.168121622830482,0.699999988079071,0.0,-51.641902923583984,84.96531677246094,-0.008166465908288956
13.775250673294067,12.211408246286938,0.699999988079071,0.0,-51.65918731689453,85.65342712402344,-0.008158072829246521
13.81244421005249,12.218044099363423,0.699999988079071,0.0,-51.66757583618164,85.98707580566406,-0.008140411227941513
13.8481285572052,12.215591428982197,0.699999988079071,0.0,-51.671932220458984,86.16045379638672,-0.008113555610179901
13.884530067443848,12.205389616574578,0.699999988079071,0.0,-51.68977737426758,86.87065887451172,-0.007941207848489285
13.918702840805054,12.305553202971437,0.699999988079071,0.0,-51.698909759521484,87.23424530029297,-0.00795059185475111
13.958513021469116,12.586810906560235,0.699999988079071,0.0,-51.713871002197266,87.82942962646484,-0.008596382103860378
13.996646642684937,12.777926575289827,0.699999988079071,0.0,-51.72637939453125,88.32754516601562,-0.009222564287483692
14.035804748535156,12.839361669199416,0.699999988079071,0.0,-51.73094177246094,88.50890350341797,-0.009425658732652664
14.078325033187866,13.012055324156321,0.0,0.0,-51.75448989868164,89.44640350341797,-0.009957809001207352
14.116800308227539,12.98345430926654,0.0,0.0,-51.76409912109375,89.828857421875,-0.009796828962862492
14.156996250152588,12.8195615172404,0.0,0.0,-51.77968978881836,90.44940185546875,-0.009013518691062927
14.195658683776855,12.614263254005994,0.0,0.0,-51.79153060913086,90.92070007324219,-0.008089713752269745
14.232259511947632,12.518886734735775,0.0,0.0,-51.79637145996094,91.11347198486328,-0.007653503213077784
14.27043342590332,12.147113040961635,0.0,0.0,-51.813411712646484,91.79176330566406,-0.006046409253031015
14.307766914367676,11.84319934328572,0.0,0.0,-51.82596969604492,92.29171752929688,-0.004940528888255358
14.34281039237976,11.742740938425325,0.0,0.0,-51.82994079589844,92.44963836669922,-0.0046149445697665215
14.380006313323975,11.30065806475088,0.0,0.0,-51.84659194946289,93.11224365234375,-0.0033792112953960896
14.414720058441162,11.197092529266614,0.0,0.0,-51.8503303527832,93.26130676269531,-0.0031480789184570312
14.449876070022583,10.746908352758988,0.0,0.0,-51.86606979370117,93.8875503540039,-0.0023066711146384478
14.485998392105103,10.516376190306532,0.0,0.0,-51.87384796142578,94.19693756103516,-0.001986541785299778
14.522122621536255,10.408951790444192,0.0,0.0,-51.87740707397461,94.33873748779297,-0.0018594741122797132
14.558059215545654,10.082519073025216,0.0,0.0,-51.892147064208984,94.92558288574219,-0.0017026519635692239
14.593769073486328,9.927037075739108,0.0,0.0,-51.899349212646484,95.21210479736328,-0.00179882044903934
14.637881994247437,9.281981491781007,0.0,0.0,-51.914398193359375,95.81106567382812,-0.0015470886137336493
14.676663160324097,8.837629149629086,0.0,0.0,-51.92251968383789,96.13408660888672,-0.0008642578031867743
14.710732460021973,8.683634575547252,0.0,0.0,-51.92533493041992,96.24644470214844,-0.0006066513014957309
14.747028350830078,8.039050337403586,0.0,0.0,-51.93717575073242,96.71764373779297,0.0004161452816333622
14.782219171524048,7.739032102547032,0.0,0.0,-51.94271469116211,96.93801879882812,0.0007666778401471674
14.817265510559082,7.601778830829578,0.0,0.0,-51.94524383544922,97.03886413574219,0.0008939361432567239
14.855859994888306,7.0342695904452714,0.0,0.0,-51.95568084716797,97.45457458496094,0.001198997488245368
14.890019655227661,6.7568925405212745,0.0,0.0,-51.96076583862305,97.65708923339844,0.001218070974573493
14.928144931793213,6.2733608969940216,0.0,0.0,-51.96955108642578,98.0067367553711,0.001079826382920146
14.963820695877075,6.023188503625008,0.0,0.0,-51.97515106201172,98.18589782714844,0.0018106842180714011
14.998428583145142,5.916491581724218,0.0,0.0,-51.97645568847656,98.26103210449219,0.0016564559191465378
15.03223991394043,5.45546416922858,0.0,0.0,-51.983802795410156,98.58245849609375,0.0009572600829415023
15.069501399993896,5.216349846294314,0.0,0.0,-51.9879150390625,98.74488830566406,0.0006002807058393955
15.103895425796509,4.857929717226122,0.0,0.0,-51.99408721923828,98.98497772216797,5.393979881773703e-05
15.13901972770691,4.594712033549347,0.0,0.0,-51.99850845336914,99.15497589111328,-0.0003184890956617892
15.174312353134155,4.489823429130304,0.0,0.0,-52.000244140625,99.22151947021484,-0.0004557419160846621
15.208990097045898,4.119448532235067,0.0,0.0,-52.00632858276367,99.45610809326172,-0.0009304046398028731
15.244201898574829,3.966355202106722,0.0,0.0,-52.00933074951172,99.5719223022461,-0.0011864852858707309
15.278198480606079,3.7527240025545683,0.0,0.0,-52.01331329345703,99.72624969482422,-0.0016041946364566684
15.31652569770813,3.56152451419438,0.0,0.0,-52.01619338989258,99.8375015258789,-0.001838417025282979
15.355111122131348,3.404377115270819,0.0,0.0,-52.01735305786133,99.8822250366211,-0.001840896555222571
15.39559292793274,2.6737667377314938,0.0,0.0,-52.02280044555664,100.09293365478516,-0.0011831283336505294
15.432751893997192,2.5411894730283464,0.0,0.0,-52.02381896972656,100.13235473632812,-0.0010408019879832864
15.471903562545776,2.1264862206758632,0.0,0.0,-52.0270881652832,100.259033203125,-0.0007921218639239669
15.507614374160767,1.9416224268761577,0.0,0.0,-52.028587341308594,100.31717681884766,-0.000812263460829854
15.543462753295898,1.6738483517088008,0.0,0.0,-52.03077697753906,100.40210723876953,-0.0010974120814353228
15.579905986785889,1.4856166521546836,0.0,0.0,-52.03227233886719,100.46085357666016,-0.0014263152843341231
15.617087602615356,1.4281414170820999,0.0,0.0,-52.03274154663086,100.47880554199219,-0.0015396118396893144
15.65836477279663,0.8287600934284031,0.0,0.0,-52.03521728515625,100.56244659423828,-0.000483016949146986
15.694218397140503,0.19273007774274398,0.0,0.0,-52.03541564941406,100.57353973388672,0.0009466934134252369
15.730651378631592,0.001197779096240549,0.0,0.0,-52.03529357910156,100.57304382324219,0.0017029190203174949
15.765035629272461,0.005355576198321225,0.0,0.0,-52.03532409667969,100.57320404052734,0.001573486253619194
15.802059650421143,0.0077962123673492294,0.0,0.0,-52.035369873046875,100.5733413696289,0.0014751815469935536
15.839007377624512,0.013105169291198105,0.0,0.0,-52.0357666015625,100.57411193847656,0.0009029769571498036
15.875914812088013,0.012019441061230865,0.0,0.0,-52.03597640991211,100.57450103759766,0.0006571197300218046
15.910253524780273,0.011290175305579285,0.0,0.0,-52.03626251220703,100.5750732421875,0.0003106689255218953
15.950319051742554,0.00950007284690247,0.0,0.0,-52.03643798828125,100.57548522949219,5.809783033328131e-05
15.988338947296143,0.008637936052969017,0.0,0.0,-52.0364875793457,100.57562255859375,-1.9950875866925344e-05
16.02544593811035,0.004482463864875199,0.0,0.0,-52.03665542602539,100.57618713378906,-0.0004539108194876462
16.06317687034607,0.004041340006985071,0.0,0.0,-52.03666687011719,100.57627868652344,-0.0005309677217155695
16.100358724594116,0.0017314239391519955,0.0,0.0,-52.03670883178711,100.57660675048828,-0.0009349060128442943
16.137179374694824,0.0014516967272576494,0.0,0.0,-52.03669357299805,100.57679748535156,-0.0011766433017328382
16.172221422195435,0.0014516967272576494,0.0,0.0,-52.03669357299805,100.57679748535156,-0.0011766433017328382
16.208149671554565,0.0016637555165156942,0.0,0.0,-52.03664016723633,100.57704162597656,-0.0016194534255191684
16.245378017425537,0.0023766245965426143,0.0,0.0,-52.03662872314453,100.57707977294922,-0.0017112350324168801
16.282079458236694,0.0034074858628074895,0.0,0.0,-52.03657913208008,100.57719421386719,-0.0020227432250976562
16.31794047355652,0.0026219215365468522,0.0,0.0,-52.03656005859375,100.5772705078125,-0.002156486501917243
16.354172468185425,0.0015454352030510913,0.0,0.0,-52.036521911621094,100.57737731933594,-0.002376403659582138
16.39022469520569,0.001545024263341244,0.0,0.0,-52.0364990234375,100.57744598388672,-0.0025217055808752775
16.424625873565674,0.0017943594672973962,0.0,0.0,-52.0364875793457,100.57747650146484,-0.0025706863962113857
16.460057973861694,0.002703415132637137,0.0,0.0,-52.03644561767578,100.57755279541016,-0.0027780914679169655
16.494782209396362,0.0,0.0,0.0,-52.03644561767578,100.57755279541016,-0.0027780914679169655
16.529568195343018,0.0,0.0,0.0,-52.03644561767578,100.57755279541016,-0.0027780914679169655
16.564509630203247,0.0,0.0,0.0,-52.03644561767578,100.57755279541016,-0.0027780914679169655
16.59848928451538,0.0,0.0,0.0,-52.03644561767578,100.57755279541016,-0.0027780914679169655
16.638980388641357,0.0,0.0,0.0,-52.03644561767578,100.57755279541016,-0.0027780914679169655
16.673187017440796,0.0,0.0,0.0,-52.03644561767578,100.57755279541016,-0.0027780914679169655
16.708585023880005,0.0,0.0,0.0,-52.03644561767578,100.57755279541016,-0.0027780914679169655
16.749648094177246,0.0,0.0,0.0,-52.03644561767578,100.57755279541016,-0.0027780914679169655
16.792657136917114,0.0,0.0,0.0,-52.03644561767578,100.57755279541016,-0.0027780914679169655
16.83392882347107,0.0,0.0,0.0,-52.03644561767578,100.57755279541016,-0.0027780914679169655
16.87674617767334,0.0,0.0,0.0,-52.03644561767578,100.57755279541016,-0.0027780914679169655
16.92217254638672,0.0,0.0,0.0,-52.03644561767578,100.57755279541016,-0.0027780914679169655
16.968331813812256,0.0,0.0,0.0,-52.03644561767578,100.57755279541016,-0.0027780914679169655
17.014055967330933,0.0,0.0,0.0,-52.03644561767578,100.57755279541016,-0.0027780914679169655
17.061925888061523,0.0,0.0,0.0,-52.03644561767578,100.57755279541016,-0.0027780914679169655
17.102439880371094,0.0,0.0,0.0,-52.03644561767578,100.57755279541016,-0.0027780914679169655
17.13905620574951,0.0,0.0,0.0,-52.03644561767578,100.57755279541016,-0.0027780914679169655
17.1810302734375,0.0,0.0,0.0,-52.03644561767578,100.57755279541016,-0.0027780914679169655
17.219630002975464,0.0,0.0,0.0,-52.03644561767578,100.57755279541016,-0.0027780914679169655
17.25588893890381,0.0,0.0,0.0,-52.03644561767578,100.57755279541016,-0.0027780914679169655
17.29382872581482,0.0,0.0,0.0,-52.03644561767578,100.57755279541016,-0.0027780914679169655
17.3327796459198,0.0,0.0,0.0,-52.03644561767578,100.57755279541016,-0.0027780914679169655
17.372668266296387,0.0,0.0,0.0,-52.03644561767578,100.57755279541016,-0.0027780914679169655
17.409799814224243,0.0,0.0,0.0,-52.03644561767578,100.57755279541016,-0.0027780914679169655
17.446031093597412,0.0,0.0,0.0,-52.03644561767578,100.57755279541016,-0.0027780914679169655
17.4826979637146,0.0,0.0,0.0,-52.03644561767578,100.57755279541016,-0.0027780914679169655
17.521673679351807,0.0,0.0,0.0,-52.03644561767578,100.57755279541016,-0.0027780914679169655
17.55953598022461,0.0,0.0,0.0,-52.03644561767578,100.57755279541016,-0.0027780914679169655
17.59618091583252,0.0,0.0,0.0,-52.03644561767578,100.57755279541016,-0.0027780914679169655
17.63567543029785,0.0,0.0,0.0,-52.03644561767578,100.57755279541016,-0.0027780914679169655
17.67503786087036,0.0,0.0,0.0,-52.03644561767578,100.57755279541016,-0.0027780914679169655
17.709931135177612,0.0,0.0,0.0,-52.03644561767578,100.57755279541016,-0.0027780914679169655
17.746018171310425,0.0,0.0,0.0,-52.03644561767578,100.57755279541016,-0.0027780914679169655
17.782638549804688,0.0,0.0,0.0,-52.03644561767578,100.57755279541016,-0.0027780914679169655
17.821556329727173,0.0,0.0,0.0,-52.03644561767578,100.57755279541016,-0.0027780914679169655
17.858355045318604,0.0,0.0,0.0,-52.03644561767578,100.57755279541016,-0.0027780914679169655
17.897634744644165,0.0,0.0,0.0,-52.03644561767578,100.57755279541016,-0.0027780914679169655
17.937761783599854,0.0,0.0,0.0,-52.03644561767578,100.57755279541016,-0.0027780914679169655
17.97578740119934,0.0,0.0,0.0,-52.03644561767578,100.57755279541016,-0.0027780914679169655
18.013748168945312,0.0,0.0,0.0,-52.03644561767578,100.57755279541016,-0.0027780914679169655
